date,erp_t12m,tbond_rate,expected_return,sp500,erp_sustainable_payout,erp_adj_rf
2008-09-01,4.22,3.72,7.94,1252.0,,
2008-10-01,4.51,3.83,8.34,1166.0,,
2008-11-01,5.9,3.95,9.85,969.0,,
2008-12-01,6.6,2.92,9.52,896.0,,
2009-01-01,6.43,2.21,8.64,903.0,,
2009-02-01,6.87,2.87,9.74,826.0,,
2009-03-01,7.68,3.02,10.7,735.0,,
2009-04-01,7.01,2.71,9.72,798.0,,
2009-05-01,6.32,3.16,9.48,873.0,,
2009-06-01,5.94,3.47,9.41,919.0,,
2009-07-01,5.86,3.53,9.39,919.0,,
2009-08-01,5.46,3.52,8.98,987.0,,
2009-09-01,5.3,3.4,8.7,1021.0,,
2009-10-01,4.86,3.3,8.16,1057.0,,
2009-11-01,4.97,3.39,8.36,1036.0,,
2009-12-01,4.73,3.24,7.97,1096.0,,
2010-01-01,4.36,3.84,8.2,1115.0,,
2010-02-01,4.56,3.58,8.14,1074.0,,
2010-03-01,4.44,3.61,8.05,1104.0,,
2010-04-01,4.16,3.83,7.99,1169.0,,
2010-05-01,4.54,3.65,8.19,1187.0,,
2010-06-01,4.79,3.3,8.09,1089.0,,
2010-07-01,5.1,2.96,8.06,1031.0,,
2010-08-01,4.78,2.91,7.69,1106.0,,
2010-09-01,5.1,2.47,7.57,1049.0,,
2010-10-01,5.31,2.51,7.82,1141.0,,
2010-11-01,5.11,2.6,7.71,1183.0,,
2010-12-01,5.08,2.8,7.88,1181.0,,
2011-01-01,5.2,3.29,8.49,1258.0,,
2011-02-01,5.07,3.38,8.45,1286.0,,
2011-03-01,4.9,3.42,8.32,1327.0,,
2011-04-01,5.31,3.47,8.78,1326.0,,
2011-05-01,5.16,3.29,8.45,1364.0,,
2011-06-01,5.27,3.06,8.33,1345.0,,
2011-07-01,5.72,3.17,8.89,1321.0,,
2011-08-01,5.92,2.8,8.72,1292.0,,
2011-09-01,6.39,2.23,8.62,1219.0,,
2011-10-01,7.64,1.92,9.56,1131.0,,
2011-11-01,6.49,2.05,8.54,1253.0,,
2011-12-01,6.51,2.07,8.58,1247.0,,
2012-01-01,7.32,1.87,9.19,1258.0,,
2012-02-01,7.04,1.81,8.85,1312.0,,
2012-03-01,6.73,1.98,8.71,1366.0,,
2012-04-01,6.64,2.21,8.85,1408.0,,
2012-05-01,6.76,1.92,8.68,1398.0,,
2012-06-01,7.28,1.55,8.83,1310.0,,
2012-07-01,6.59,1.65,8.24,1362.0,,
2012-08-01,6.55,1.47,8.02,1379.0,,
2012-09-01,6.41,1.55,7.96,1407.0,,
2012-10-01,6.35,1.62,7.97,1441.0,,
2012-11-01,6.44,1.75,8.19,1412.0,,
2012-12-01,6.45,1.62,8.07,1416.0,,
2013-01-01,6.0,1.76,7.76,1426.0,,
2013-02-01,5.67,2.0,7.67,1498.0,,
2013-03-01,5.65,1.88,7.53,1514.68,,
2013-04-01,5.68,1.85,7.53,1569.0,,
2013-05-01,5.6,1.65,7.25,1598.0,,
2013-06-01,5.45,2.14,7.59,1631.0,,
2013-07-01,5.73,2.49,8.22,1606.0,,
2013-08-01,5.46,2.57,8.03,1686.0,,
2013-09-01,5.62,2.79,8.41,1633.0,,
2013-10-01,5.59,2.61,8.2,1682.0,,
2013-11-01,5.36,2.55,7.91,1757.0,,
2013-12-01,5.19,2.75,7.94,1806.0,,
2014-01-01,4.96,3.04,8.0,1848.0,,
2014-02-01,5.17,2.65,7.82,1783.0,,
2014-03-01,4.96,2.66,7.62,1859.0,,
2014-04-01,5.15,2.72,7.87,1874.0,,
2014-05-01,5.12,2.65,7.77,1884.0,,
2014-06-01,5.03,2.48,7.51,1924.0,,
2014-07-01,5.38,2.52,7.9,1960.0,,
2014-08-01,5.45,2.56,8.01,1931.0,,
2014-09-01,5.28,2.35,7.63,2003.0,,
2014-10-01,5.43,2.49,7.92,1973.0,,
2014-11-01,5.32,2.34,7.66,2018.0,,
2014-12-01,5.21,2.17,7.38,2068.0,,
2015-01-01,5.78,2.17,7.95,2059.0,,
2015-02-01,6.01,1.7,7.71,1995.0,,
2015-03-01,5.67,2.0,7.67,2105.0,,
2015-04-01,5.86,1.93,7.79,2068.0,,
2015-05-01,5.8,2.05,7.85,2086.0,,
2015-06-01,5.74,2.13,7.87,2107.0,,
2015-07-01,5.81,2.36,8.17,2063.0,,
2015-08-01,5.9,2.18,8.08,2104.0,,
2015-09-01,6.28,2.22,8.5,1972.0,,
2015-10-01,6.63,2.06,8.69,1920.0,,
2015-11-01,6.12,2.15,8.27,2079.0,,
2015-12-01,6.11,2.21,8.32,2080.0,,
2016-01-01,6.12,2.27,8.39,2044.0,5.16,
2016-02-01,6.47,1.92,8.39,1940.0,5.61,
2016-03-01,6.51,1.74,8.25,1932.0,5.72,
2016-04-01,6.24,1.77,8.01,2060.0,5.15,
2016-05-01,6.22,1.83,8.05,2065.0,5.11,
2016-06-01,6.12,1.83,7.95,2097.0,5.03,
2016-07-01,6.27,1.47,7.74,2099.0,5.08,
2016-08-01,6.06,1.45,7.51,2174.0,4.92,
2016-09-01,6.06,1.59,7.65,2171.0,4.86,
2016-10-01,6.16,1.6,7.76,2168.0,4.91,
2016-11-01,6.26,1.84,8.1,2126.0,4.89,
2016-12-01,6.02,2.39,8.41,2199.0,4.5,
2017-01-01,5.69,2.45,8.14,2239.0,4.5,
2017-02-01,5.59,2.47,8.06,2279.0,4.41,
2017-03-01,5.39,2.39,7.78,2364.0,4.29,
2017-04-01,5.38,2.39,7.77,2363.0,4.51,
2017-05-01,5.34,2.3,7.64,2384.0,4.51,
2017-06-01,5.29,2.21,7.5,2412.0,4.49,
2017-07-01,5.13,2.3,7.43,2423.0,4.62,
2017-08-01,5.03,2.3,7.33,2470.0,4.54,
2017-09-01,5.04,2.12,7.16,2418.0,4.6,
2017-10-01,4.92,2.33,7.25,2519.0,4.63,
2017-11-01,4.81,2.37,7.18,2575.0,4.52,
2017-12-01,4.68,2.42,7.1,2648.0,4.38,
2018-01-01,5.08,2.41,7.49,2674.0,4.75,
2018-02-01,4.78,2.74,7.52,2824.0,4.37,
2018-03-01,4.96,2.87,7.83,2714.0,4.49,
2018-04-01,5.19,2.74,7.93,2641.0,4.95,
2018-05-01,5.16,2.95,8.11,2648.0,4.85,
2018-06-01,5.06,2.87,7.93,2705.0,4.78,
2018-07-01,5.37,2.85,8.22,2718.0,4.99,
2018-08-01,5.18,2.96,8.14,2816.0,4.78,
2018-09-01,5.04,2.86,7.9,2902.0,4.68,
2018-10-01,5.38,3.07,8.45,2914.0,4.99,
2018-11-01,5.76,3.16,8.92,2712.0,5.32,
2018-12-01,5.68,2.99,8.67,2760.0,5.29,
2019-01-01,5.96,2.68,8.64,2507.0,5.55,
2019-02-01,5.53,2.63,8.16,2704.0,5.16,
2019-03-01,5.36,2.72,8.08,2785.0,4.98,
2019-04-01,5.75,2.4,8.15,2834.0,5.08,
2019-05-01,5.62,2.51,8.13,2945.0,4.99,
2019-06-01,5.93,2.14,8.07,2752.0,5.38,
2019-07-01,5.67,2.0,7.67,2942.0,5.11,
2019-08-01,5.59,2.02,7.61,2980.0,5.04,
2019-09-01,5.75,1.5,7.25,2926.0,5.32,
2019-10-01,5.55,1.67,7.22,2977.0,5.2,
2019-11-01,5.44,1.68,7.12,3038.0,5.09,
2019-12-01,5.25,1.78,7.03,3141.0,4.89,
2020-01-01,5.2,1.92,7.12,3231.0,5.06,
2020-02-01,5.24,1.51,6.75,3226.0,5.22,
2020-03-01,5.69,1.13,6.82,2954.0,5.77,
2020-04-01,6.16,0.68,6.84,2585.0,6.52,
2020-05-01,5.65,0.64,6.29,2912.43,6.03,
2020-06-01,5.45,0.66,6.11,3044.0,5.81,
2020-07-01,5.37,0.66,6.03,3100.0,5.68,
2020-08-01,5.1,0.55,5.65,3271.12,5.43,
2020-09-01,4.74,0.72,5.46,3500.0,5.0,
2020-10-01,4.74,0.69,5.43,3363.0,5.29,
2020-11-01,4.85,0.88,5.73,3270.0,5.35,
2020-12-01,4.49,0.84,5.33,3622.0,4.97,
2021-01-01,4.2,0.93,5.13,3756.0,4.94,
2021-02-01,4.76,1.11,5.87,3714.0,4.75,
2021-03-01,4.63,1.43,6.06,3811.0,4.52,
2021-04-01,4.14,1.75,5.89,3973.0,4.22,
2021-05-01,3.99,1.63,5.62,4182.0,4.07,
2021-06-01,4.1,1.58,5.68,4204.0,4.2,
2021-07-01,3.96,1.47,5.43,4298.0,4.31,
2021-08-01,3.91,1.23,5.14,4395.0,4.31,
2021-09-01,4.21,1.31,5.52,4523.0,4.61,
2021-10-01,4.87,1.52,6.39,4308.0,4.84,
2021-11-01,4.58,1.56,6.14,4605.0,4.53,
2021-12-01,4.79,1.45,6.24,4567.0,4.77,
2022-01-01,4.24,1.51,5.75,4766.18,4.9,
2022-02-01,4.56,1.79,6.35,4515.0,5.17,
2022-03-01,4.75,1.83,6.58,4374.0,5.37,
2022-04-01,4.73,2.33,7.06,4530.41,5.0,
2022-05-01,5.14,2.89,8.03,4132.0,5.23,
2022-06-01,5.07,2.86,7.93,4132.0,5.17,
2022-07-01,6.01,3.02,9.03,3785.38,5.69,
2022-08-01,5.42,2.65,8.07,4130.0,5.26,
2022-09-01,5.45,3.19,8.64,3955.0,5.1,
2022-10-01,6.21,3.82,10.03,3596.0,5.3,
2022-11-01,5.48,4.05,9.53,3872.0,4.59,
2022-12-01,5.26,3.61,8.87,4080.0,4.55,
2023-01-01,5.94,3.88,9.82,3839.5,5.11,
2023-02-01,5.54,3.52,9.06,4077.0,4.89,
2023-03-01,5.58,3.92,9.5,3970.0,4.78,
2023-04-01,5.44,3.47,8.91,4109.0,4.88,
2023-05-01,5.3,3.42,8.72,4169.0,4.77,
2023-06-01,5.25,3.64,8.89,4180.0,4.65,
2023-07-01,5.0,3.81,8.81,4450.0,4.59,
2023-08-01,4.83,3.97,8.8,4589.0,4.38,
2023-09-01,4.9,4.11,9.01,4508.0,4.4,
2023-10-01,4.84,4.58,9.42,4288.0,4.47,
2023-11-01,4.88,4.93,9.81,4194.0,4.39,
2023-12-01,4.53,4.33,8.86,4568.0,4.25,
2024-01-01,4.6,3.88,8.48,4770.0,4.57,
2024-02-01,4.5,3.94,8.44,4846.0,4.45,
2024-03-01,4.33,4.27,8.6,5096.0,4.18,
2024-04-01,4.23,4.21,8.44,5254.0,4.13,
2024-05-01,4.4,4.69,9.09,5036.0,4.15,
2024-06-01,4.27,4.38,8.65,5277.51,4.12,
2024-07-01,4.12,4.36,8.48,5460.48,3.98,
2024-08-01,4.12,4.09,8.21,5522.0,4.06,
2024-09-01,4.06,3.9,7.96,5648.0,4.05,
2024-10-01,3.94,3.81,7.75,5762.0,3.96,
2024-11-01,4.31,4.28,8.59,5705.0,4.06,
2024-12-01,4.07,4.18,8.25,6032.0,3.85,
2025-01-01,4.33,4.58,8.91,5882.0,4.0,
2025-02-01,4.27,4.54,8.81,6041.0,3.95,
2025-03-01,4.35,4.22,8.57,5955.0,4.12,
2025-04-01,4.61,4.24,8.85,5581.0,4.43,
2025-05-01,4.58,4.17,8.75,5569.0,4.41,
2025-06-01,4.23,4.41,8.64,5911.69,4.02,4.63
2025-07-01,4.21,4.24,8.45,6204.0,3.94,4.48
2025-08-01,4.15,4.37,8.52,6339.0,3.84,4.42
2025-09-01,3.94,4.23,8.17,6460.0,3.68,4.21
2025-10-01,4.01,4.16,8.17,6688.0,3.78,4.28
2025-11-01,3.95,4.11,8.06,6840.0,3.73,4.22
2025-12-01,3.99,4.02,8.01,6849.0,3.79,4.26
2026-01-01,4.23,4.18,8.41,6846.0,4.18,4.46
2026-02-01,4.25,4.26,8.51,6939.0,4.17,4.48
2026-03-01,4.37,3.95,8.32,6879.0,4.38,4.6
2026-04-01,4.77,4.32,9.09,6528.0,4.67,5.03
2026-05-01,4.36,4.4,8.76,7209.0,4.24,4.62
2026-06-01,4.31,4.44,8.75,7580.0,4.18,4.57
2026-07-01,4.2,4.45,8.65,7499.0,4.3,4.42
2026-08-01,4.23,4.74,8.97,7490.0,4.28,4.45
2026-09-01,4.09,4.75,8.84,7686.14,4.14,4.31
